,Formatted_FIPS,County,State,Deaths,Population,Age_Adjusted_Rate,Year
0,42001,Adams,PA,45,90363,0.460165,1999
1,42003,Allegheny,PA,1005,1287247,0.596907,1999
2,42005,Armstrong,PA,54,72572,0.548331,1999
3,42007,Beaver,PA,137,182592,0.557595,1999
4,42009,Bedford,PA,26,49853,0.417900,1999
5,42011,Berks,PA,210,370942,0.491007,1999
6,42013,Blair,PA,87,129757,0.523583,1999
7,42015,Bradford,PA,36,62701,0.481443,1999
8,42017,Bucks,PA,340,593947,0.576138,1999
9,42019,Butler,PA,89,172924,0.472519,1999
10,42021,Cambria,PA,111,153911,0.509451,1999
11,42023,Cameron,PA,SUPPRESSED,6026,SUPPRESSED,1999
12,42025,Carbon,PA,41,58845,0.503256,1999
13,42027,Centre,PA,42,135315,0.380266,1999
14,42029,Chester,PA,188,428055,0.460119,1999
15,42031,Clarion,PA,20,41771,0.408420,1999
16,42033,Clearfield,PA,62,83229,0.590834,1999
17,42035,Clinton,PA,25,37888,0.542277,1999
18,42037,Columbia,PA,29,64301,0.364772,1999
19,42039,Crawford,PA,71,90149,0.665033,1999
20,42041,Cumberland,PA,123,213282,0.503317,1999
21,42043,Dauphin,PA,123,251329,0.444042,1999
22,42045,Delaware,PA,368,550820,0.572250,1999
23,42047,Elk,PA,30,35264,0.669272,1999
24,42049,Erie,PA,192,281294,0.632018,1999
25,42051,Fayette,PA,138,148857,0.695146,1999
26,42053,Forest,PA,SUPPRESSED,4942,SUPPRESSED,1999
27,42055,Franklin,PA,83,128875,0.526472,1999
28,42057,Fulton,PA,SUPPRESSED,14317,SUPPRESSED,1999
29,42059,Greene,PA,34,40796,0.732271,1999
30,42061,Huntingdon,PA,24,45567,0.466731,1999
31,42063,Indiana,PA,48,89717,0.466337,1999
32,42065,Jefferson,PA,22,46002,0.364771,1999
33,42067,Juniata,PA,13,22628,0.494564,1999
34,42069,Lackawanna,PA,158,214001,0.511921,1999
35,42071,Lancaster,PA,233,467879,0.460018,1999
36,42073,Lawrence,PA,62,94870,0.457465,1999
37,42075,Lebanon,PA,78,119944,0.523149,1999
38,42077,Lehigh,PA,169,310514,0.463957,1999
39,42079,Luzerne,PA,252,320888,0.558190,1999
40,42081,Lycoming,PA,67,120182,0.468294,1999
41,42083,McKean,PA,40,46287,0.719396,1999
42,42085,Mercer,PA,81,120749,0.513570,1999
43,42087,Mifflin,PA,25,46463,0.437764,1999
44,42089,Monroe,PA,86,134936,0.638310,1999
45,42091,Montgomery,PA,395,744683,0.458759,1999
46,42093,Montour,PA,10,18148,0.444238,1999
47,42095,Northampton,PA,153,265928,0.486018,1999
48,42097,Northumberland,PA,50,94833,0.380776,1999
49,42099,Perry,PA,21,43565,0.493173,1999
50,42101,Philadelphia,PA,1155,1520064,0.723061,1999
51,42103,Pike,PA,28,45063,0.538071,1999
52,42105,Potter,PA,11,17829,0.482045,1999
53,42107,Schuylkill,PA,138,151021,0.647722,1999
54,42109,Snyder,PA,21,37571,0.508467,1999
55,42111,Somerset,PA,49,80127,0.453905,1999
56,42113,Sullivan,PA,SUPPRESSED,6485,SUPPRESSED,1999
57,42115,Susquehanna,PA,24,42165,0.465494,1999
58,42117,Tioga,PA,25,41454,0.498034,1999
59,42119,Union,PA,10,41531,0.243474,1999
60,42121,Venango,PA,45,57851,0.624072,1999
61,42123,Warren,PA,25,44064,0.451336,1999
62,42125,Washington,PA,161,203078,0.583261,1999
63,42127,Wayne,PA,27,47133,0.431509,1999
64,42129,Westmoreland,PA,255,371248,0.499821,1999
65,42131,Wyoming,PA,20,28268,0.661413,1999
66,42133,York,PA,209,378905,0.517484,1999
0,42001,Adams,PA,45,90363,0.460165,2099
1,42003,Allegheny,PA,1005,1287247,0.596907,2099
2,42005,Armstrong,PA,54,72572,0.548331,2099
3,42007,Beaver,PA,137,182592,0.557595,2099
4,42009,Bedford,PA,26,49853,0.417900,2099
5,42011,Berks,PA,210,370942,0.491007,2099
6,42013,Blair,PA,87,129757,0.523583,2099
7,42015,Bradford,PA,36,62701,0.481443,2099
8,42017,Bucks,PA,340,593947,0.576138,2099
9,42019,Butler,PA,89,172924,0.472519,2099
10,42021,Cambria,PA,111,153911,0.509451,2099
11,42023,Cameron,PA,SUPPRESSED,6026,SUPPRESSED,2099
12,42025,Carbon,PA,41,58845,0.503256,2099
13,42027,Centre,PA,42,135315,0.380266,2099
14,42029,Chester,PA,188,428055,0.460119,2099
15,42031,Clarion,PA,20,41771,0.408420,2099
16,42033,Clearfield,PA,62,83229,0.590834,2099
17,42035,Clinton,PA,25,37888,0.542277,2099
18,42037,Columbia,PA,29,64301,0.364772,2099
19,42039,Crawford,PA,71,90149,0.665033,2099
20,42041,Cumberland,PA,123,213282,0.503317,2099
21,42043,Dauphin,PA,123,251329,0.444042,2099
22,42045,Delaware,PA,368,550820,0.572250,2099
23,42047,Elk,PA,30,35264,0.669272,2099
24,42049,Erie,PA,192,281294,0.632018,2099
25,42051,Fayette,PA,138,148857,0.695146,2099
26,42053,Forest,PA,SUPPRESSED,4942,SUPPRESSED,2099
27,42055,Franklin,PA,83,128875,0.526472,2099
28,42057,Fulton,PA,SUPPRESSED,14317,SUPPRESSED,2099
29,42059,Greene,PA,34,40796,0.732271,2099
30,42061,Huntingdon,PA,24,45567,0.466731,2099
31,42063,Indiana,PA,48,89717,0.466337,2099
32,42065,Jefferson,PA,22,46002,0.364771,2099
33,42067,Juniata,PA,13,22628,0.494564,2099
34,42069,Lackawanna,PA,158,214001,0.511921,2099
35,42071,Lancaster,PA,233,467879,0.460018,2099
36,42073,Lawrence,PA,62,94870,0.457465,2099
37,42075,Lebanon,PA,78,119944,0.523149,2099
38,42077,Lehigh,PA,169,310514,0.463957,2099
39,42079,Luzerne,PA,252,320888,0.558190,2099
40,42081,Lycoming,PA,67,120182,0.468294,2099
41,42083,McKean,PA,40,46287,0.719396,2099
42,42085,Mercer,PA,81,120749,0.513570,2099
43,42087,Mifflin,PA,25,46463,0.437764,2099
44,42089,Monroe,PA,86,134936,0.638310,2099
45,42091,Montgomery,PA,395,744683,0.458759,2099
46,42093,Montour,PA,10,18148,0.444238,2099
47,42095,Northampton,PA,153,265928,0.486018,2099
48,42097,Northumberland,PA,50,94833,0.380776,2099
49,42099,Perry,PA,21,43565,0.493173,2099
50,42101,Philadelphia,PA,1155,1520064,0.723061,2099
51,42103,Pike,PA,28,45063,0.538071,2099
52,42105,Potter,PA,11,17829,0.482045,2099
53,42107,Schuylkill,PA,138,151021,0.647722,2099
54,42109,Snyder,PA,21,37571,0.508467,2099
55,42111,Somerset,PA,49,80127,0.453905,2099
56,42113,Sullivan,PA,SUPPRESSED,6485,SUPPRESSED,2099
57,42115,Susquehanna,PA,24,42165,0.465494,2099
58,42117,Tioga,PA,25,41454,0.498034,2099
59,42119,Union,PA,10,41531,0.243474,2099
60,42121,Venango,PA,45,57851,0.624072,2099
61,42123,Warren,PA,25,44064,0.451336,2099
62,42125,Washington,PA,161,203078,0.583261,2099
63,42127,Wayne,PA,27,47133,0.431509,2099
64,42129,Westmoreland,PA,255,371248,0.499821,2099
65,42131,Wyoming,PA,20,28268,0.661413,2099
66,42133,York,PA,209,378905,0.517484,2099
0,42001,Adams,PA,45,90363,0.460165,2099
1,42003,Allegheny,PA,1005,1287247,0.596907,2099
2,42005,Armstrong,PA,54,72572,0.548331,2099
3,42007,Beaver,PA,137,182592,0.557595,2099
4,42009,Bedford,PA,26,49853,0.417900,2099
5,42011,Berks,PA,210,370942,0.491007,2099
6,42013,Blair,PA,87,129757,0.523583,2099
7,42015,Bradford,PA,36,62701,0.481443,2099
8,42017,Bucks,PA,340,593947,0.576138,2099
9,42019,Butler,PA,89,172924,0.472519,2099
10,42021,Cambria,PA,111,153911,0.509451,2099
11,42023,Cameron,PA,SUPPRESSED,6026,SUPPRESSED,2099
12,42025,Carbon,PA,41,58845,0.503256,2099
13,42027,Centre,PA,42,135315,0.380266,2099
14,42029,Chester,PA,188,428055,0.460119,2099
15,42031,Clarion,PA,20,41771,0.408420,2099
16,42033,Clearfield,PA,62,83229,0.590834,2099
17,42035,Clinton,PA,25,37888,0.542277,2099
18,42037,Columbia,PA,29,64301,0.364772,2099
19,42039,Crawford,PA,71,90149,0.665033,2099
20,42041,Cumberland,PA,123,213282,0.503317,2099
21,42043,Dauphin,PA,123,251329,0.444042,2099
22,42045,Delaware,PA,368,550820,0.572250,2099
23,42047,Elk,PA,30,35264,0.669272,2099
24,42049,Erie,PA,192,281294,0.632018,2099
25,42051,Fayette,PA,138,148857,0.695146,2099
26,42053,Forest,PA,SUPPRESSED,4942,SUPPRESSED,2099
27,42055,Franklin,PA,83,128875,0.526472,2099
28,42057,Fulton,PA,SUPPRESSED,14317,SUPPRESSED,2099
29,42059,Greene,PA,34,40796,0.732271,2099
30,42061,Huntingdon,PA,24,45567,0.466731,2099
31,42063,Indiana,PA,48,89717,0.466337,2099
32,42065,Jefferson,PA,22,46002,0.364771,2099
33,42067,Juniata,PA,13,22628,0.494564,2099
34,42069,Lackawanna,PA,158,214001,0.511921,2099
35,42071,Lancaster,PA,233,467879,0.460018,2099
36,42073,Lawrence,PA,62,94870,0.457465,2099
37,42075,Lebanon,PA,78,119944,0.523149,2099
38,42077,Lehigh,PA,169,310514,0.463957,2099
39,42079,Luzerne,PA,252,320888,0.558190,2099
40,42081,Lycoming,PA,67,120182,0.468294,2099
41,42083,McKean,PA,40,46287,0.719396,2099
42,42085,Mercer,PA,81,120749,0.513570,2099
43,42087,Mifflin,PA,25,46463,0.437764,2099
44,42089,Monroe,PA,86,134936,0.638310,2099
45,42091,Montgomery,PA,395,744683,0.458759,2099
46,42093,Montour,PA,10,18148,0.444238,2099
47,42095,Northampton,PA,153,265928,0.486018,2099
48,42097,Northumberland,PA,50,94833,0.380776,2099
49,42099,Perry,PA,21,43565,0.493173,2099
50,42101,Philadelphia,PA,1155,1520064,0.723061,2099
51,42103,Pike,PA,28,45063,0.538071,2099
52,42105,Potter,PA,11,17829,0.482045,2099
53,42107,Schuylkill,PA,138,151021,0.647722,2099
54,42109,Snyder,PA,21,37571,0.508467,2099
55,42111,Somerset,PA,49,80127,0.453905,2099
56,42113,Sullivan,PA,SUPPRESSED,6485,SUPPRESSED,2099
57,42115,Susquehanna,PA,24,42165,0.465494,2099
58,42117,Tioga,PA,25,41454,0.498034,2099
59,42119,Union,PA,10,41531,0.243474,2099
60,42121,Venango,PA,45,57851,0.624072,2099
61,42123,Warren,PA,25,44064,0.451336,2099
62,42125,Washington,PA,161,203078,0.583261,2099
63,42127,Wayne,PA,27,47133,0.431509,2099
64,42129,Westmoreland,PA,255,371248,0.499821,2099
65,42131,Wyoming,PA,20,28268,0.661413,2099
66,42133,York,PA,209,378905,0.517484,2099
0,42001,Adams,PA,47,91292,0.476236,2000
1,42003,Allegheny,PA,1064,1281666,0.628819,2000
2,42005,Armstrong,PA,53,72392,0.555829,2000
3,42007,Beaver,PA,118,181412,0.477526,2000
4,42009,Bedford,PA,36,49984,0.564783,2000
5,42011,Berks,PA,207,373638,0.484066,2000
6,42013,Blair,PA,95,129144,0.561797,2000
7,42015,Bradford,PA,30,62761,0.394871,2000
8,42017,Bucks,PA,377,597635,0.629529,2000
9,42019,Butler,PA,92,174083,0.479678,2000
10,42021,Cambria,PA,96,152598,0.440404,2000
11,42023,Cameron,PA,SUPPRESSED,5974,SUPPRESSED,2000
12,42025,Carbon,PA,58,58802,0.727353,2000
13,42027,Centre,PA,37,135758,0.331257,2000
14,42029,Chester,PA,233,433501,0.563855,2000
15,42031,Clarion,PA,17,41765,0.360152,2000
16,42033,Clearfield,PA,60,83382,0.561267,2000
17,42035,Clinton,PA,27,37914,0.557244,2000
18,42037,Columbia,PA,39,64151,0.501413,2000
19,42039,Crawford,PA,51,90366,0.469798,2000
20,42041,Cumberland,PA,127,213674,0.515603,2000
21,42043,Dauphin,PA,150,251798,0.542023,2000
22,42045,Delaware,PA,385,550864,0.605797,2000
23,42047,Elk,PA,24,35112,0.538978,2000
24,42049,Erie,PA,171,280843,0.550141,2000
25,42051,Fayette,PA,103,148644,0.516027,2000
26,42053,Forest,PA,SUPPRESSED,4946,SUPPRESSED,2000
27,42055,Franklin,PA,78,129313,0.491424,2000
28,42057,Fulton,PA,SUPPRESSED,14261,SUPPRESSED,2000
29,42059,Greene,PA,29,40672,0.591611,2000
30,42061,Huntingdon,PA,22,45586,0.421486,2000
31,42063,Indiana,PA,50,89605,0.496898,2000
32,42065,Jefferson,PA,28,45932,0.451870,2000
33,42067,Juniata,PA,12,22821,0.450261,2000
34,42069,Lackawanna,PA,150,213295,0.502328,2000
35,42071,Lancaster,PA,235,470658,0.462294,2000
36,42073,Lawrence,PA,56,94643,0.415269,2000
37,42075,Lebanon,PA,79,120327,0.538191,2000
38,42077,Lehigh,PA,185,312090,0.492654,2000
39,42079,Luzerne,PA,214,319250,0.478141,2000
40,42081,Lycoming,PA,61,120044,0.415554,2000
41,42083,McKean,PA,29,45936,0.489156,2000
42,42085,Mercer,PA,88,120293,0.543777,2000
43,42087,Mifflin,PA,30,46486,0.508271,2000
44,42089,Monroe,PA,83,138687,0.604213,2000
45,42091,Montgomery,PA,443,750097,0.510455,2000
46,42093,Montour,PA,10,18236,0.449038,2000
47,42095,Northampton,PA,178,267066,0.557263,2000
48,42097,Northumberland,PA,71,94556,0.545010,2000
49,42099,Perry,PA,22,43602,0.498409,2000
50,42101,Philadelphia,PA,1131,1517550,0.707319,2000
51,42103,Pike,PA,35,46302,0.629588,2000
52,42105,Potter,PA,14,18080,0.630753,2000
53,42107,Schuylkill,PA,120,150336,0.563360,2000
54,42109,Snyder,PA,15,37546,0.360082,2000
55,42111,Somerset,PA,39,80023,0.366670,2000
56,42113,Sullivan,PA,SUPPRESSED,6556,SUPPRESSED,2000
57,42115,Susquehanna,PA,31,42238,0.605135,2000
58,42117,Tioga,PA,25,41373,0.489929,2000
59,42119,Union,PA,17,41624,0.389402,2000
60,42121,Venango,PA,46,57565,0.615452,2000
61,42123,Warren,PA,30,43863,0.526681,2000
62,42125,Washington,PA,162,202897,0.592881,2000
63,42127,Wayne,PA,29,47722,0.473282,2000
64,42129,Westmoreland,PA,258,369993,0.513927,2000
65,42131,Wyoming,PA,15,28080,0.488450,2000
66,42133,York,PA,221,381751,0.540579,2000
0,42001,Adams,PA,64,92591,0.627083,2001
1,42003,Allegheny,PA,990,1272416,0.598102,2001
2,42005,Armstrong,PA,44,71956,0.461225,2001
3,42007,Beaver,PA,148,179391,0.607027,2001
4,42009,Bedford,PA,34,49778,0.529989,2001
5,42011,Berks,PA,223,377487,0.516540,2001
6,42013,Blair,PA,105,128471,0.629748,2001
7,42015,Bradford,PA,41,62616,0.534535,2001
8,42017,Bucks,PA,314,602883,0.508635,2001
9,42019,Butler,PA,95,175621,0.491170,2001
10,42021,Cambria,PA,105,150902,0.481287,2001
11,42023,Cameron,PA,SUPPRESSED,5875,SUPPRESSED,2001
12,42025,Carbon,PA,47,59318,0.583530,2001
13,42027,Centre,PA,57,137620,0.504757,2001
14,42029,Chester,PA,205,441024,0.477385,2001
15,42031,Clarion,PA,16,41547,0.323059,2001
16,42033,Clearfield,PA,60,82987,0.556532,2001
17,42035,Clinton,PA,23,37945,0.504755,2001
18,42037,Columbia,PA,27,64298,0.340639,2001
19,42039,Crawford,PA,54,90105,0.506321,2001
20,42041,Cumberland,PA,130,215087,0.522333,2001
21,42043,Dauphin,PA,162,252500,0.575184,2001
22,42045,Delaware,PA,392,552041,0.611718,2001
23,42047,Elk,PA,27,34778,0.616437,2001
24,42049,Erie,PA,185,280647,0.601643,2001
25,42051,Fayette,PA,137,146219,0.703693,2001
26,42053,Forest,PA,SUPPRESSED,5355,SUPPRESSED,2001
27,42055,Franklin,PA,67,130604,0.414017,2001
28,42057,Fulton,PA,SUPPRESSED,14201,SUPPRESSED,2001
29,42059,Greene,PA,37,40251,0.782798,2001
30,42061,Huntingdon,PA,31,45594,0.587643,2001
31,42063,Indiana,PA,42,89265,0.406031,2001
32,42065,Jefferson,PA,26,45644,0.413971,2001
33,42067,Juniata,PA,10,22892,0.364694,2001
34,42069,Lackawanna,PA,150,212692,0.507198,2001
35,42071,Lancaster,PA,263,475483,0.504655,2001
36,42073,Lawrence,PA,62,94085,0.459828,2001
37,42075,Lebanon,PA,83,120954,0.552447,2001
38,42077,Lehigh,PA,172,314823,0.457127,2001
39,42079,Luzerne,PA,248,316665,0.556314,2001
40,42081,Lycoming,PA,75,118930,0.516773,2001
41,42083,McKean,PA,32,45263,0.566898,2001
42,42085,Mercer,PA,86,119861,0.537852,2001
43,42087,Mifflin,PA,35,46535,0.576577,2001
44,42089,Monroe,PA,88,143775,0.606714,2001
45,42091,Montgomery,PA,410,759392,0.465805,2001
46,42093,Montour,PA,12,18294,0.516681,2001
47,42095,Northampton,PA,171,269363,0.529268,2001
48,42097,Northumberland,PA,63,94176,0.482418,2001
49,42099,Perry,PA,23,43804,0.557990,2001
50,42101,Philadelphia,PA,1082,1505455,0.689494,2001
51,42103,Pike,PA,27,47594,0.466594,2001
52,42105,Potter,PA,SUPPRESSED,18146,SUPPRESSED,2001
53,42107,Schuylkill,PA,116,149175,0.551325,2001
54,42109,Snyder,PA,20,37955,0.483287,2001
55,42111,Somerset,PA,40,79523,0.373992,2001
56,42113,Sullivan,PA,SUPPRESSED,6625,SUPPRESSED,2001
57,42115,Susquehanna,PA,29,42483,0.554053,2001
58,42117,Tioga,PA,21,41496,0.408547,2001
59,42119,Union,PA,21,42098,0.471572,2001
60,42121,Venango,PA,49,57091,0.666210,2001
61,42123,Warren,PA,35,43562,0.616216,2001
62,42125,Washington,PA,194,203179,0.721099,2001
63,42127,Wayne,PA,38,47994,0.588712,2001
64,42129,Westmoreland,PA,267,368698,0.520005,2001
65,42131,Wyoming,PA,12,28119,0.390311,2001
66,42133,York,PA,189,385773,0.454810,2001
0,42001,Adams,PA,47,93934,0.448356,2002
1,42003,Allegheny,PA,1009,1265577,0.601769,2002
2,42005,Armstrong,PA,42,71747,0.427088,2002
3,42007,Beaver,PA,157,178277,0.640587,2002
4,42009,Bedford,PA,27,49742,0.419248,2002
5,42011,Berks,PA,241,381338,0.552137,2002
6,42013,Blair,PA,97,127631,0.577309,2002
7,42015,Bradford,PA,39,62585,0.518415,2002
8,42017,Bucks,PA,302,607157,0.479230,2002
9,42019,Butler,PA,121,177146,0.619873,2002
10,42021,Cambria,PA,102,149831,0.467833,2002
11,42023,Cameron,PA,SUPPRESSED,5775,SUPPRESSED,2002
12,42025,Carbon,PA,44,59820,0.553336,2002
13,42027,Centre,PA,55,140821,0.472065,2002
14,42029,Chester,PA,215,447842,0.496130,2002
15,42031,Clarion,PA,34,41220,0.689951,2002
16,42033,Clearfield,PA,42,82925,0.387510,2002
17,42035,Clinton,PA,27,38007,0.578938,2002
18,42037,Columbia,PA,39,64601,0.482893,2002
19,42039,Crawford,PA,63,90031,0.580334,2002
20,42041,Cumberland,PA,104,217318,0.407933,2002
21,42043,Dauphin,PA,126,254339,0.442025,2002
22,42045,Delaware,PA,389,551929,0.606714,2002
23,42047,Elk,PA,20,34413,0.433102,2002
24,42049,Erie,PA,202,280379,0.642952,2002
25,42051,Fayette,PA,118,144817,0.590784,2002
26,42053,Forest,PA,SUPPRESSED,5627,SUPPRESSED,2002
27,42055,Franklin,PA,101,131998,0.611696,2002
28,42057,Fulton,PA,SUPPRESSED,14251,SUPPRESSED,2002
29,42059,Greene,PA,22,40096,0.468335,2002
30,42061,Huntingdon,PA,23,45705,0.430557,2002
31,42063,Indiana,PA,54,89133,0.526641,2002
32,42065,Jefferson,PA,20,45507,0.339058,2002
33,42067,Juniata,PA,SUPPRESSED,23129,SUPPRESSED,2002
34,42069,Lackawanna,PA,148,211980,0.490714,2002
35,42071,Lancaster,PA,254,480118,0.478656,2002
36,42073,Lawrence,PA,56,93938,0.407917,2002
37,42075,Lebanon,PA,74,121698,0.466477,2002
38,42077,Lehigh,PA,196,317252,0.522827,2002
39,42079,Luzerne,PA,212,315711,0.472234,2002
40,42081,Lycoming,PA,68,118344,0.466564,2002
41,42083,McKean,PA,31,45419,0.531920,2002
42,42085,Mercer,PA,89,119476,0.566679,2002
43,42087,Mifflin,PA,31,46558,0.494360,2002
44,42089,Monroe,PA,92,148833,0.618891,2002
45,42091,Montgomery,PA,456,766056,0.511925,2002
46,42093,Montour,PA,SUPPRESSED,18237,SUPPRESSED,2002
47,42095,Northampton,PA,189,272782,0.574257,2002
48,42097,Northumberland,PA,67,94024,0.502786,2002
49,42099,Perry,PA,19,43896,0.412020,2002
50,42101,Philadelphia,PA,1099,1498493,0.699787,2002
51,42103,Pike,PA,36,49063,0.609113,2002
52,42105,Potter,PA,20,18273,0.874366,2002
53,42107,Schuylkill,PA,121,148705,0.578913,2002
54,42109,Snyder,PA,20,38104,0.466846,2002
55,42111,Somerset,PA,52,79621,0.463923,2002
56,42113,Sullivan,PA,SUPPRESSED,6592,SUPPRESSED,2002
57,42115,Susquehanna,PA,23,42410,0.441890,2002
58,42117,Tioga,PA,25,41638,0.468715,2002
59,42119,Union,PA,13,42372,0.292052,2002
60,42121,Venango,PA,50,56789,0.678752,2002
61,42123,Warren,PA,31,43184,0.535142,2002
62,42125,Washington,PA,160,203104,0.588287,2002
63,42127,Wayne,PA,29,48330,0.440363,2002
64,42129,Westmoreland,PA,289,367680,0.564991,2002
65,42131,Wyoming,PA,17,28011,0.561373,2002
66,42133,York,PA,213,389692,0.500526,2002
0,42001,Adams,PA,66,95503,0.613223,2003
1,42003,Allegheny,PA,1013,1258420,0.600715,2003
2,42005,Armstrong,PA,51,71645,0.532275,2003
3,42007,Beaver,PA,133,177523,0.530408,2003
4,42009,Bedford,PA,38,49812,0.584232,2003
5,42011,Berks,PA,224,385846,0.508941,2003
6,42013,Blair,PA,91,127353,0.535483,2003
7,42015,Bradford,PA,40,62388,0.505874,2003
8,42017,Bucks,PA,327,610174,0.509794,2003
9,42019,Butler,PA,93,178289,0.453200,2003
10,42021,Cambria,PA,102,148836,0.485164,2003
11,42023,Cameron,PA,SUPPRESSED,5702,SUPPRESSED,2003
12,42025,Carbon,PA,31,60452,0.360462,2003
13,42027,Centre,PA,58,142926,0.484261,2003
14,42029,Chester,PA,215,455111,0.477285,2003
15,42031,Clarion,PA,22,41293,0.438812,2003
16,42033,Clearfield,PA,38,82422,0.356098,2003
17,42035,Clinton,PA,28,38143,0.587334,2003
18,42037,Columbia,PA,46,65001,0.568492,2003
19,42039,Crawford,PA,61,89846,0.558602,2003
20,42041,Cumberland,PA,115,219351,0.443484,2003
21,42043,Dauphin,PA,150,255585,0.520638,2003
22,42045,Delaware,PA,347,552111,0.539300,2003
23,42047,Elk,PA,25,34144,0.554861,2003
24,42049,Erie,PA,157,280153,0.501276,2003
25,42051,Fayette,PA,125,143596,0.623504,2003
26,42053,Forest,PA,SUPPRESSED,5909,SUPPRESSED,2003
27,42055,Franklin,PA,80,133583,0.475673,2003
28,42057,Fulton,PA,SUPPRESSED,14416,SUPPRESSED,2003
29,42059,Greene,PA,26,39798,0.541302,2003
30,42061,Huntingdon,PA,24,45797,0.433962,2003
31,42063,Indiana,PA,52,89346,0.504548,2003
32,42065,Jefferson,PA,22,45537,0.354820,2003
33,42067,Juniata,PA,SUPPRESSED,23434,SUPPRESSED,2003
34,42069,Lackawanna,PA,148,211769,0.506355,2003
35,42071,Lancaster,PA,266,485119,0.493407,2003
36,42073,Lawrence,PA,74,93696,0.555090,2003
37,42075,Lebanon,PA,84,123154,0.539657,2003
38,42077,Lehigh,PA,211,321588,0.546942,2003
39,42079,Luzerne,PA,240,315640,0.532251,2003
40,42081,Lycoming,PA,75,118108,0.513144,2003
41,42083,McKean,PA,34,44980,0.598922,2003
42,42085,Mercer,PA,84,119431,0.524850,2003
43,42087,Mifflin,PA,27,46420,0.442279,2003
44,42089,Monroe,PA,101,154027,0.679149,2003
45,42091,Montgomery,PA,425,772666,0.468181,2003
46,42093,Montour,PA,14,18239,0.568752,2003
47,42095,Northampton,PA,164,276735,0.492848,2003
48,42097,Northumberland,PA,63,93910,0.471113,2003
49,42099,Perry,PA,17,44216,0.370552,2003
50,42101,Philadelphia,PA,1038,1493802,0.667643,2003
51,42103,Pike,PA,41,50837,0.682102,2003
52,42105,Potter,PA,19,18168,0.842778,2003
53,42107,Schuylkill,PA,127,147792,0.592659,2003
54,42109,Snyder,PA,15,38319,0.342085,2003
55,42111,Somerset,PA,44,79754,0.412980,2003
56,42113,Sullivan,PA,SUPPRESSED,6574,SUPPRESSED,2003
57,42115,Susquehanna,PA,17,42685,0.314349,2003
58,42117,Tioga,PA,25,41676,0.475445,2003
59,42119,Union,PA,11,42622,0.243791,2003
60,42121,Venango,PA,53,56590,0.700027,2003
61,42123,Warren,PA,34,42896,0.584706,2003
62,42125,Washington,PA,152,203859,0.543286,2003
63,42127,Wayne,PA,37,48938,0.544208,2003
64,42129,Westmoreland,PA,253,367836,0.487623,2003
65,42131,Wyoming,PA,13,28074,0.384511,2003
66,42133,York,PA,213,395093,0.489756,2003
0,42001,Adams,PA,66,95503,0.613223,2004
1,42003,Allegheny,PA,1013,1258420,0.600715,2004
2,42005,Armstrong,PA,51,71645,0.532275,2004
3,42007,Beaver,PA,133,177523,0.530408,2004
4,42009,Bedford,PA,38,49812,0.584232,2004
5,42011,Berks,PA,224,385846,0.508941,2004
6,42013,Blair,PA,91,127353,0.535483,2004
7,42015,Bradford,PA,40,62388,0.505874,2004
8,42017,Bucks,PA,327,610174,0.509794,2004
9,42019,Butler,PA,93,178289,0.453200,2004
10,42021,Cambria,PA,102,148836,0.485164,2004
11,42023,Cameron,PA,SUPPRESSED,5702,SUPPRESSED,2004
12,42025,Carbon,PA,31,60452,0.360462,2004
13,42027,Centre,PA,58,142926,0.484261,2004
14,42029,Chester,PA,215,455111,0.477285,2004
15,42031,Clarion,PA,22,41293,0.438812,2004
16,42033,Clearfield,PA,38,82422,0.356098,2004
17,42035,Clinton,PA,28,38143,0.587334,2004
18,42037,Columbia,PA,46,65001,0.568492,2004
19,42039,Crawford,PA,61,89846,0.558602,2004
20,42041,Cumberland,PA,115,219351,0.443484,2004
21,42043,Dauphin,PA,150,255585,0.520638,2004
22,42045,Delaware,PA,347,552111,0.539300,2004
23,42047,Elk,PA,25,34144,0.554861,2004
24,42049,Erie,PA,157,280153,0.501276,2004
25,42051,Fayette,PA,125,143596,0.623504,2004
26,42053,Forest,PA,SUPPRESSED,5909,SUPPRESSED,2004
27,42055,Franklin,PA,80,133583,0.475673,2004
28,42057,Fulton,PA,SUPPRESSED,14416,SUPPRESSED,2004
29,42059,Greene,PA,26,39798,0.541302,2004
30,42061,Huntingdon,PA,24,45797,0.433962,2004
31,42063,Indiana,PA,52,89346,0.504548,2004
32,42065,Jefferson,PA,22,45537,0.354820,2004
33,42067,Juniata,PA,SUPPRESSED,23434,SUPPRESSED,2004
34,42069,Lackawanna,PA,148,211769,0.506355,2004
35,42071,Lancaster,PA,266,485119,0.493407,2004
36,42073,Lawrence,PA,74,93696,0.555090,2004
37,42075,Lebanon,PA,84,123154,0.539657,2004
38,42077,Lehigh,PA,211,321588,0.546942,2004
39,42079,Luzerne,PA,240,315640,0.532251,2004
40,42081,Lycoming,PA,75,118108,0.513144,2004
41,42083,McKean,PA,34,44980,0.598922,2004
42,42085,Mercer,PA,84,119431,0.524850,2004
43,42087,Mifflin,PA,27,46420,0.442279,2004
44,42089,Monroe,PA,101,154027,0.679149,2004
45,42091,Montgomery,PA,425,772666,0.468181,2004
46,42093,Montour,PA,14,18239,0.568752,2004
47,42095,Northampton,PA,164,276735,0.492848,2004
48,42097,Northumberland,PA,63,93910,0.471113,2004
49,42099,Perry,PA,17,44216,0.370552,2004
50,42101,Philadelphia,PA,1038,1493802,0.667643,2004
51,42103,Pike,PA,41,50837,0.682102,2004
52,42105,Potter,PA,19,18168,0.842778,2004
53,42107,Schuylkill,PA,127,147792,0.592659,2004
54,42109,Snyder,PA,15,38319,0.342085,2004
55,42111,Somerset,PA,44,79754,0.412980,2004
56,42113,Sullivan,PA,SUPPRESSED,6574,SUPPRESSED,2004
57,42115,Susquehanna,PA,17,42685,0.314349,2004
58,42117,Tioga,PA,25,41676,0.475445,2004
59,42119,Union,PA,11,42622,0.243791,2004
60,42121,Venango,PA,53,56590,0.700027,2004
61,42123,Warren,PA,34,42896,0.584706,2004
62,42125,Washington,PA,152,203859,0.543286,2004
63,42127,Wayne,PA,37,48938,0.544208,2004
64,42129,Westmoreland,PA,253,367836,0.487623,2004
65,42131,Wyoming,PA,13,28074,0.384511,2004
66,42133,York,PA,213,395093,0.489756,2004
0,42001,Adams,PA,49,97300,0.443840,2005
1,42003,Allegheny,PA,996,1247531,0.596106,2005
2,42005,Armstrong,PA,65,71404,0.675428,2005
3,42007,Beaver,PA,130,176395,0.511835,2005
4,42009,Bedford,PA,31,49829,0.460248,2005
5,42011,Berks,PA,209,390848,0.467476,2005
6,42013,Blair,PA,95,127194,0.560675,2005
7,42015,Bradford,PA,46,62386,0.572933,2005
8,42017,Bucks,PA,357,613763,0.540792,2005
9,42019,Butler,PA,95,178912,0.459489,2005
10,42021,Cambria,PA,104,147886,0.470470,2005
11,42023,Cameron,PA,SUPPRESSED,5535,SUPPRESSED,2005
12,42025,Carbon,PA,41,61274,0.499413,2005
13,42027,Centre,PA,54,144238,0.440378,2005
14,42029,Chester,PA,205,462902,0.442533,2005
15,42031,Clarion,PA,28,40509,0.572563,2005
16,42033,Clearfield,PA,48,82040,0.432765,2005
17,42035,Clinton,PA,20,38227,0.404420,2005
18,42037,Columbia,PA,31,65337,0.391890,2005
19,42039,Crawford,PA,75,89682,0.673326,2005
20,42041,Cumberland,PA,114,221225,0.431918,2005
21,42043,Dauphin,PA,148,256194,0.516972,2005
22,42045,Delaware,PA,374,551508,0.585264,2005
23,42047,Elk,PA,20,33835,0.432063,2005
24,42049,Erie,PA,205,277864,0.649932,2005
25,42051,Fayette,PA,106,143494,0.527857,2005
26,42053,Forest,PA,SUPPRESSED,6118,SUPPRESSED,2005
27,42055,Franklin,PA,81,135742,0.486032,2005
28,42057,Fulton,PA,SUPPRESSED,14471,SUPPRESSED,2005
29,42059,Greene,PA,33,39464,0.694486,2005
30,42061,Huntingdon,PA,32,45790,0.611325,2005
31,42063,Indiana,PA,48,89041,0.465744,2005
32,42065,Jefferson,PA,36,45418,0.580001,2005
33,42067,Juniata,PA,15,23767,0.500608,2005
34,42069,Lackawanna,PA,128,211861,0.437471,2005
35,42071,Lancaster,PA,237,489977,0.432071,2005
36,42073,Lawrence,PA,75,93250,0.557054,2005
37,42075,Lebanon,PA,76,124644,0.472049,2005
38,42077,Lehigh,PA,192,326138,0.487293,2005
39,42079,Luzerne,PA,230,315439,0.514328,2005
40,42081,Lycoming,PA,88,117911,0.594521,2005
41,42083,McKean,PA,28,44582,0.495708,2005
42,42085,Mercer,PA,79,119113,0.484319,2005
43,42087,Mifflin,PA,24,46313,0.390143,2005
44,42089,Monroe,PA,73,158181,0.457035,2005
45,42091,Montgomery,PA,399,776493,0.435801,2005
46,42093,Montour,PA,11,18174,0.429031,2005
47,42095,Northampton,PA,170,281374,0.495889,2005
48,42097,Northumberland,PA,71,93692,0.550843,2005
49,42099,Perry,PA,25,44463,0.509347,2005
50,42101,Philadelphia,PA,1074,1492882,0.697606,2005
51,42103,Pike,PA,23,52293,0.409471,2005
52,42105,Potter,PA,16,18067,0.648864,2005
53,42107,Schuylkill,PA,118,147081,0.556163,2005
54,42109,Snyder,PA,18,38519,0.401863,2005
55,42111,Somerset,PA,49,79402,0.451647,2005
56,42113,Sullivan,PA,SUPPRESSED,6554,SUPPRESSED,2005
57,42115,Susquehanna,PA,22,42930,0.403110,2005
58,42117,Tioga,PA,22,41724,0.413669,2005
59,42119,Union,PA,15,43287,0.325325,2005
60,42121,Venango,PA,54,56196,0.734431,2005
61,42123,Warren,PA,29,42667,0.503519,2005
62,42125,Washington,PA,168,204090,0.610532,2005
63,42127,Wayne,PA,41,49423,0.625857,2005
64,42129,Westmoreland,PA,253,367281,0.481667,2005
65,42131,Wyoming,PA,17,28195,0.517526,2005
66,42133,York,PA,236,401403,0.531759,2005
0,42001,Adams,PA,42,99899,0.364351,2006
1,42003,Allegheny,PA,931,1226025,0.564577,2006
2,42005,Armstrong,PA,45,70030,0.465103,2006
3,42007,Beaver,PA,158,173259,0.636974,2006
4,42009,Bedford,PA,27,49871,0.392648,2006
5,42011,Berks,PA,234,401834,0.505343,2006
6,42013,Blair,PA,94,127002,0.543973,2006
7,42015,Bradford,PA,44,62345,0.532973,2006
8,42017,Bucks,PA,320,619544,0.461774,2006
9,42019,Butler,PA,98,181009,0.457998,2006
10,42021,Cambria,PA,87,146093,0.414493,2006
11,42023,Cameron,PA,SUPPRESSED,5341,SUPPRESSED,2006
12,42025,Carbon,PA,52,63105,0.601081,2006
13,42027,Centre,PA,40,148734,0.306025,2006
14,42029,Chester,PA,242,479137,0.496191,2006
15,42031,Clarion,PA,32,40615,0.634134,2006
16,42033,Clearfield,PA,61,82461,0.558919,2006
17,42035,Clinton,PA,20,38730,0.402074,2006
18,42037,Columbia,PA,33,65882,0.416652,2006
19,42039,Crawford,PA,62,89496,0.555825,2006
20,42041,Cumberland,PA,122,226835,0.442553,2006
21,42043,Dauphin,PA,155,260312,0.530750,2006
22,42045,Delaware,PA,382,553806,0.595889,2006
23,42047,Elk,PA,23,33006,0.500681,2006
24,42049,Erie,PA,182,278389,0.569686,2006
25,42051,Fayette,PA,101,141165,0.505482,2006
26,42053,Forest,PA,SUPPRESSED,7519,SUPPRESSED,2006
27,42055,Franklin,PA,89,142421,0.490396,2006
28,42057,Fulton,PA,13,14714,0.683725,2006
29,42059,Greene,PA,30,39342,0.635312,2006
30,42061,Huntingdon,PA,26,45684,0.459321,2006
31,42063,Indiana,PA,43,88716,0.401986,2006
32,42065,Jefferson,PA,28,45323,0.439436,2006
33,42067,Juniata,PA,11,24107,0.355703,2006
34,42069,Lackawanna,PA,156,212595,0.525506,2006
35,42071,Lancaster,PA,249,500922,0.428780,2006
36,42073,Lawrence,PA,62,92248,0.450677,2006
37,42075,Lebanon,PA,90,128302,0.543434,2006
38,42077,Lehigh,PA,219,336794,0.547268,2006
39,42079,Luzerne,PA,211,316837,0.476276,2006
40,42081,Lycoming,PA,79,116983,0.523047,2006
41,42083,McKean,PA,47,44309,0.810529,2006
42,42085,Mercer,PA,73,118123,0.436691,2006
43,42087,Mifflin,PA,39,46435,0.616955,2006
44,42089,Monroe,PA,82,165185,0.480501,2006
45,42091,Montgomery,PA,421,781519,0.449694,2006
46,42093,Montour,PA,20,18114,0.774612,2006
47,42095,Northampton,PA,179,289628,0.504477,2006
48,42097,Northumberland,PA,61,93475,0.446211,2006
49,42099,Perry,PA,32,45121,0.692684,2006
50,42101,Philadelphia,PA,973,1488710,0.641866,2006
51,42103,Pike,PA,40,55601,0.593026,2006
52,42105,Potter,PA,15,17944,0.592167,2006
53,42107,Schuylkill,PA,104,148005,0.494766,2006
54,42109,Snyder,PA,27,38946,0.586086,2006
55,42111,Somerset,PA,50,78834,0.445070,2006
56,42113,Sullivan,PA,SUPPRESSED,6487,SUPPRESSED,2006
57,42115,Susquehanna,PA,29,43376,0.511777,2006
58,42117,Tioga,PA,32,41347,0.599018,2006
59,42119,Union,PA,22,44666,0.418276,2006
60,42121,Venango,PA,47,55761,0.622053,2006
61,42123,Warren,PA,24,41972,0.408379,2006
62,42125,Washington,PA,164,205992,0.586671,2006
63,42127,Wayne,PA,36,52031,0.494416,2006
64,42129,Westmoreland,PA,262,366559,0.488575,2006
65,42131,Wyoming,PA,20,28194,0.579390,2006
66,42133,York,PA,254,418043,0.546226,2006
0,42001,Adams,PA,60,100502,0.502042,2007
1,42003,Allegheny,PA,945,1222482,0.569284,2007
2,42005,Armstrong,PA,56,69845,0.552718,2007
3,42007,Beaver,PA,140,172161,0.556574,2007
4,42009,Bedford,PA,33,49889,0.473121,2007
5,42011,Berks,PA,203,405223,0.428819,2007
6,42013,Blair,PA,89,127048,0.511079,2007
7,42015,Bradford,PA,40,62343,0.487664,2007
8,42017,Bucks,PA,347,621336,0.486977,2007
9,42019,Butler,PA,115,181690,0.531889,2007
10,42021,Cambria,PA,93,145283,0.432510,2007
11,42023,Cameron,PA,11,5274,1.231824,2007
12,42025,Carbon,PA,44,64339,0.503697,2007
13,42027,Centre,PA,69,149498,0.527002,2007
14,42029,Chester,PA,241,486156,0.478708,2007
15,42031,Clarion,PA,15,40399,0.292611,2007
16,42033,Clearfield,PA,66,82558,0.581731,2007
17,42035,Clinton,PA,26,38859,0.520933,2007
18,42037,Columbia,PA,49,66196,0.597488,2007
19,42039,Crawford,PA,62,89544,0.542528,2007
20,42041,Cumberland,PA,113,228718,0.405763,2007
21,42043,Dauphin,PA,144,263096,0.479201,2007
22,42045,Delaware,PA,374,554916,0.578616,2007
23,42047,Elk,PA,27,32833,0.573881,2007
24,42049,Erie,PA,205,278573,0.639530,2007
25,42051,Fayette,PA,144,140159,0.715175,2007
26,42053,Forest,PA,SUPPRESSED,7512,SUPPRESSED,2007
27,42055,Franklin,PA,90,144840,0.489676,2007
28,42057,Fulton,PA,SUPPRESSED,14900,SUPPRESSED,2007
29,42059,Greene,PA,22,39096,0.460132,2007
30,42061,Huntingdon,PA,30,45802,0.518661,2007
31,42063,Indiana,PA,45,88520,0.418247,2007
32,42065,Jefferson,PA,28,45335,0.442309,2007
33,42067,Juniata,PA,11,24238,0.348415,2007
34,42069,Lackawanna,PA,127,213513,0.425819,2007
35,42071,Lancaster,PA,253,506639,0.430989,2007
36,42073,Lawrence,PA,64,92007,0.476130,2007
37,42075,Lebanon,PA,87,130182,0.516435,2007
38,42077,Lehigh,PA,171,340848,0.414878,2007
39,42079,Luzerne,PA,216,318232,0.479333,2007
40,42081,Lycoming,PA,78,116524,0.518918,2007
41,42083,McKean,PA,38,44045,0.662656,2007
42,42085,Mercer,PA,88,117794,0.513876,2007
43,42087,Mifflin,PA,28,46551,0.430322,2007
44,42089,Monroe,PA,102,167352,0.609282,2007
45,42091,Montgomery,PA,405,785170,0.418482,2007
46,42093,Montour,PA,11,18107,0.439645,2007
47,42095,Northampton,PA,169,293212,0.468670,2007
48,42097,Northumberland,PA,63,93728,0.471968,2007
49,42099,Perry,PA,28,45454,0.588678,2007
50,42101,Philadelphia,PA,986,1493309,0.649612,2007
51,42103,Pike,PA,22,56627,0.327708,2007
52,42105,Potter,PA,15,17659,0.612266,2007
53,42107,Schuylkill,PA,112,148387,0.526212,2007
54,42109,Snyder,PA,10,39295,0.221831,2007
55,42111,Somerset,PA,38,78490,0.338238,2007
56,42113,Sullivan,PA,SUPPRESSED,6525,SUPPRESSED,2007
57,42115,Susquehanna,PA,34,43310,0.592632,2007
58,42117,Tioga,PA,33,41371,0.588579,2007
59,42119,Union,PA,17,44846,0.328353,2007
60,42121,Venango,PA,31,55510,0.404155,2007
61,42123,Warren,PA,25,41963,0.413733,2007
62,42125,Washington,PA,159,206259,0.550255,2007
63,42127,Wayne,PA,40,52341,0.524720,2007
64,42129,Westmoreland,PA,286,366318,0.528400,2007
65,42131,Wyoming,PA,15,28287,0.430468,2007
66,42133,York,PA,241,424919,0.499589,2007
0,42001,Adams,PA,56,101056,0.463396,2008
1,42003,Allegheny,PA,895,1221071,0.536199,2008
2,42005,Armstrong,PA,47,69611,0.481603,2008
3,42007,Beaver,PA,126,171336,0.512358,2008
4,42009,Bedford,PA,36,50052,0.519081,2008
5,42011,Berks,PA,215,407737,0.451277,2008
6,42013,Blair,PA,93,127112,0.518841,2008
7,42015,Bradford,PA,43,62318,0.504928,2008
8,42017,Bucks,PA,335,623297,0.461309,2008
9,42019,Butler,PA,106,182673,0.477375,2008
10,42021,Cambria,PA,88,144646,0.409960,2008
11,42023,Cameron,PA,SUPPRESSED,5186,SUPPRESSED,2008
12,42025,Carbon,PA,34,64947,0.379564,2008
13,42027,Centre,PA,58,151645,0.422832,2008
14,42029,Chester,PA,230,491473,0.443378,2008
15,42031,Clarion,PA,22,40355,0.442279,2008
16,42033,Clearfield,PA,46,82130,0.413911,2008
17,42035,Clinton,PA,36,38955,0.736983,2008
18,42037,Columbia,PA,52,66645,0.601510,2008
19,42039,Crawford,PA,73,89023,0.629292,2008
20,42041,Cumberland,PA,101,231357,0.345844,2008
21,42043,Dauphin,PA,140,265395,0.460629,2008
22,42045,Delaware,PA,359,556246,0.553942,2008
23,42047,Elk,PA,15,32504,0.311959,2008
24,42049,Erie,PA,176,278686,0.533605,2008
25,42051,Fayette,PA,127,138813,0.628911,2008
26,42053,Forest,PA,SUPPRESSED,7470,SUPPRESSED,2008
27,42055,Franklin,PA,99,147032,0.528865,2008
28,42057,Fulton,PA,SUPPRESSED,14900,SUPPRESSED,2008
29,42059,Greene,PA,28,39074,0.587149,2008
30,42061,Huntingdon,PA,24,45853,0.414284,2008
31,42063,Indiana,PA,52,88807,0.483325,2008
32,42065,Jefferson,PA,31,45260,0.480195,2008
33,42067,Juniata,PA,14,24409,0.462517,2008
34,42069,Lackawanna,PA,153,214044,0.512449,2008
35,42071,Lancaster,PA,288,511957,0.474613,2008
36,42073,Lawrence,PA,75,91798,0.551462,2008
37,42075,Lebanon,PA,94,131574,0.531236,2008
38,42077,Lehigh,PA,177,344743,0.426591,2008
39,42079,Luzerne,PA,236,319210,0.523692,2008
40,42081,Lycoming,PA,79,116147,0.519162,2008
41,42083,McKean,PA,27,43856,0.477841,2008
42,42085,Mercer,PA,101,117189,0.623116,2008
43,42087,Mifflin,PA,30,46600,0.471364,2008
44,42089,Monroe,PA,105,168576,0.602741,2008
45,42091,Montgomery,PA,407,789250,0.419135,2008
46,42093,Montour,PA,11,18090,0.440225,2008
47,42095,Northampton,PA,160,295096,0.438068,2008
48,42097,Northumberland,PA,85,94150,0.617586,2008
49,42099,Perry,PA,27,45549,0.486160,2008
50,42101,Philadelphia,PA,922,1499731,0.607685,2008
51,42103,Pike,PA,36,57739,0.505005,2008
52,42105,Potter,PA,13,17464,0.582597,2008
53,42107,Schuylkill,PA,121,148463,0.571472,2008
54,42109,Snyder,PA,29,39481,0.620207,2008
55,42111,Somerset,PA,52,78120,0.458419,2008
56,42113,Sullivan,PA,SUPPRESSED,6462,SUPPRESSED,2008
57,42115,Susquehanna,PA,41,43405,0.685428,2008
58,42117,Tioga,PA,28,41609,0.496006,2008
59,42119,Union,PA,23,45057,0.429905,2008
60,42121,Venango,PA,53,55315,0.695172,2008
61,42123,Warren,PA,29,41853,0.490128,2008
62,42125,Washington,PA,181,207240,0.630435,2008
63,42127,Wayne,PA,48,51692,0.636586,2008
64,42129,Westmoreland,PA,273,366058,0.502402,2008
65,42131,Wyoming,PA,15,28294,0.419750,2008
66,42133,York,PA,252,429399,0.519689,2008
0,42001,Adams,PA,53,101252,0.421014,2009
1,42003,Allegheny,PA,876,1222171,0.525046,2009
2,42005,Armstrong,PA,59,69120,0.576324,2009
3,42007,Beaver,PA,144,170524,0.572121,2009
4,42009,Bedford,PA,29,49889,0.407032,2009
5,42011,Berks,PA,196,409904,0.407521,2009
6,42013,Blair,PA,93,127161,0.532289,2009
7,42015,Bradford,PA,38,62418,0.449301,2009
8,42017,Bucks,PA,307,624648,0.412058,2009
9,42019,Butler,PA,124,183337,0.546815,2009
10,42021,Cambria,PA,108,144186,0.499682,2009
11,42023,Cameron,PA,SUPPRESSED,5106,SUPPRESSED,2009
12,42025,Carbon,PA,47,65204,0.528398,2009
13,42027,Centre,PA,56,153052,0.401001,2009
14,42029,Chester,PA,217,496291,0.415562,2009
15,42031,Clarion,PA,28,40173,0.547384,2009
16,42033,Clearfield,PA,56,81942,0.498741,2009
17,42035,Clinton,PA,25,39074,0.522829,2009
18,42037,Columbia,PA,48,67220,0.557058,2009
19,42039,Crawford,PA,71,89044,0.626295,2009
20,42041,Cumberland,PA,109,233910,0.379143,2009
21,42043,Dauphin,PA,131,267090,0.428824,2009
22,42045,Delaware,PA,360,558094,0.556625,2009
23,42047,Elk,PA,30,32208,0.612873,2009
24,42049,Erie,PA,164,279838,0.489864,2009
25,42051,Fayette,PA,112,137450,0.572105,2009
26,42053,Forest,PA,10,7737,0.906348,2009
27,42055,Franklin,PA,89,148662,0.462731,2009
28,42057,Fulton,PA,14,14828,0.757964,2009
29,42059,Greene,PA,22,38862,0.441403,2009
30,42061,Huntingdon,PA,26,45896,0.445488,2009
31,42063,Indiana,PA,37,88836,0.328393,2009
32,42065,Jefferson,PA,28,45073,0.441405,2009
33,42067,Juniata,PA,SUPPRESSED,24549,SUPPRESSED,2009
34,42069,Lackawanna,PA,136,214138,0.460442,2009
35,42071,Lancaster,PA,257,516577,0.420424,2009
36,42073,Lawrence,PA,87,91391,0.661101,2009
37,42075,Lebanon,PA,76,132959,0.434968,2009
38,42077,Lehigh,PA,166,347237,0.399979,2009
39,42079,Luzerne,PA,221,320527,0.487191,2009
40,42081,Lycoming,PA,84,116081,0.559809,2009
41,42083,McKean,PA,30,43701,0.495516,2009
42,42085,Mercer,PA,90,116816,0.552008,2009
43,42087,Mifflin,PA,34,46662,0.511948,2009
44,42089,Monroe,PA,118,169390,0.648813,2009
45,42091,Montgomery,PA,434,795494,0.444550,2009
46,42093,Montour,PA,SUPPRESSED,18165,SUPPRESSED,2009
47,42095,Northampton,PA,181,296645,0.483007,2009
48,42097,Northumberland,PA,69,94774,0.489179,2009
49,42099,Perry,PA,29,45874,0.578893,2009
50,42101,Philadelphia,PA,952,1514694,0.624817,2009
51,42103,Pike,PA,28,57671,0.371911,2009
52,42105,Potter,PA,14,17382,0.543198,2009
53,42107,Schuylkill,PA,119,148358,0.559687,2009
54,42109,Snyder,PA,19,39550,0.393583,2009
55,42111,Somerset,PA,34,78025,0.297807,2009
56,42113,Sullivan,PA,SUPPRESSED,6449,SUPPRESSED,2009
57,42115,Susquehanna,PA,22,43346,0.368618,2009
58,42117,Tioga,PA,21,41818,0.365986,2009
59,42119,Union,PA,21,44795,0.388060,2009
60,42121,Venango,PA,46,55087,0.607656,2009
61,42123,Warren,PA,39,41831,0.634854,2009
62,42125,Washington,PA,164,207571,0.568678,2009
63,42127,Wayne,PA,40,52552,0.503085,2009
64,42129,Westmoreland,PA,254,365259,0.467037,2009
65,42131,Wyoming,PA,19,28268,0.471162,2009
66,42133,York,PA,227,433022,0.454778,2009
0,42001,Adams,PA,57,101407,0.441292,2010
1,42003,Allegheny,PA,872,1223348,0.523458,2010
2,42005,Armstrong,PA,47,68941,0.465836,2010
3,42007,Beaver,PA,109,170539,0.430942,2010
4,42009,Bedford,PA,37,49762,0.519016,2010
5,42011,Berks,PA,213,411442,0.433977,2010
6,42013,Blair,PA,92,127089,0.527659,2010
7,42015,Bradford,PA,46,62622,0.516865,2010
8,42017,Bucks,PA,366,625249,0.488300,2010
9,42019,Butler,PA,112,183862,0.496552,2010
10,42021,Cambria,PA,90,143679,0.425706,2010
11,42023,Cameron,PA,SUPPRESSED,5085,SUPPRESSED,2010
12,42025,Carbon,PA,46,65249,0.506304,2010
13,42027,Centre,PA,51,153990,0.365055,2010
14,42029,Chester,PA,238,498886,0.436687,2010
15,42031,Clarion,PA,25,39988,0.517005,2010
16,42033,Clearfield,PA,56,81642,0.485862,2010
17,42035,Clinton,PA,31,39238,0.633945,2010
18,42037,Columbia,PA,39,67295,0.460020,2010
19,42039,Crawford,PA,49,88765,0.413642,2010
20,42041,Cumberland,PA,131,235406,0.440480,2010
21,42043,Dauphin,PA,164,268100,0.523004,2010
22,42045,Delaware,PA,371,558979,0.561486,2010
23,42047,Elk,PA,32,31946,0.648973,2010
24,42049,Erie,PA,175,280566,0.532347,2010
25,42051,Fayette,PA,125,136606,0.633746,2010
26,42053,Forest,PA,SUPPRESSED,7716,SUPPRESSED,2010
27,42055,Franklin,PA,74,149618,0.385623,2010
28,42057,Fulton,PA,10,14845,0.526343,2010
29,42059,Greene,PA,31,38686,0.665899,2010
30,42061,Huntingdon,PA,39,45913,0.641474,2010
31,42063,Indiana,PA,43,88880,0.380507,2010
32,42065,Jefferson,PA,36,45200,0.553033,2010
33,42067,Juniata,PA,19,24636,0.627867,2010
34,42069,Lackawanna,PA,144,214437,0.484900,2010
35,42071,Lancaster,PA,260,519445,0.419331,2010
36,42073,Lawrence,PA,83,91108,0.604260,2010
37,42075,Lebanon,PA,95,133568,0.530426,2010
38,42077,Lehigh,PA,193,349497,0.457236,2010
39,42079,Luzerne,PA,188,320918,0.419110,2010
40,42081,Lycoming,PA,69,116111,0.456402,2010
41,42083,McKean,PA,32,43450,0.556477,2010
42,42085,Mercer,PA,88,116638,0.527728,2010
43,42087,Mifflin,PA,31,46682,0.453800,2010
44,42089,Monroe,PA,84,169842,0.482308,2010
45,42091,Montgomery,PA,431,799874,0.433872,2010
46,42093,Montour,PA,SUPPRESSED,18267,SUPPRESSED,2010
47,42095,Northampton,PA,194,297735,0.516311,2010
48,42097,Northumberland,PA,71,94528,0.500248,2010
49,42099,Perry,PA,38,45969,0.708954,2010
50,42101,Philadelphia,PA,853,1526006,0.557814,2010
51,42103,Pike,PA,23,57369,0.320072,2010
52,42105,Potter,PA,SUPPRESSED,17457,SUPPRESSED,2010
53,42107,Schuylkill,PA,121,148289,0.561422,2010
54,42109,Snyder,PA,21,39702,0.422246,2010
55,42111,Somerset,PA,47,77742,0.414024,2010
56,42113,Sullivan,PA,SUPPRESSED,6428,SUPPRESSED,2010
57,42115,Susquehanna,PA,28,43356,0.442516,2010
58,42117,Tioga,PA,29,41981,0.485088,2010
59,42119,Union,PA,21,44947,0.397664,2010
60,42121,Venango,PA,44,54984,0.553970,2010
61,42123,Warren,PA,27,41815,0.430525,2010
62,42125,Washington,PA,157,207820,0.532592,2010
63,42127,Wayne,PA,31,52822,0.385370,2010
64,42129,Westmoreland,PA,272,365169,0.492269,2010
65,42131,Wyoming,PA,18,28276,0.464603,2010
66,42133,York,PA,247,434972,0.488244,2010
0,42001,Adams,PA,52,101650,0.377480,2011
1,42003,Allegheny,PA,881,1227535,0.526709,2011
2,42005,Armstrong,PA,43,68645,0.422674,2011
3,42007,Beaver,PA,146,170354,0.565182,2011
4,42009,Bedford,PA,27,49414,0.370764,2011
5,42011,Berks,PA,212,412676,0.426924,2011
6,42013,Blair,PA,63,127178,0.341321,2011
7,42015,Bradford,PA,41,63044,0.456862,2011
8,42017,Bucks,PA,330,626397,0.423045,2011
9,42019,Butler,PA,107,184723,0.469356,2011
10,42021,Cambria,PA,82,142572,0.377129,2011
11,42023,Cameron,PA,SUPPRESSED,4989,SUPPRESSED,2011
12,42025,Carbon,PA,50,65141,0.547057,2011
13,42027,Centre,PA,61,154995,0.426174,2011
14,42029,Chester,PA,218,503652,0.391426,2011
15,42031,Clarion,PA,21,39883,0.407283,2011
16,42033,Clearfield,PA,62,81467,0.545943,2011
17,42035,Clinton,PA,30,39520,0.578548,2011
18,42037,Columbia,PA,37,66926,0.422951,2011
19,42039,Crawford,PA,74,88104,0.614362,2011
20,42041,Cumberland,PA,149,236891,0.488715,2011
21,42043,Dauphin,PA,137,269059,0.427580,2011
22,42045,Delaware,PA,343,559094,0.527349,2011
23,42047,Elk,PA,27,31796,0.542543,2011
24,42049,Erie,PA,150,281197,0.442751,2011
25,42051,Fayette,PA,110,136032,0.556929,2011
26,42053,Forest,PA,SUPPRESSED,7734,SUPPRESSED,2011
27,42055,Franklin,PA,87,151014,0.446548,2011
28,42057,Fulton,PA,SUPPRESSED,14773,SUPPRESSED,2011
29,42059,Greene,PA,31,38418,0.642750,2011
30,42061,Huntingdon,PA,27,46130,0.427773,2011
31,42063,Indiana,PA,44,88575,0.393628,2011
32,42065,Jefferson,PA,26,44930,0.426271,2011
33,42067,Juniata,PA,16,24919,0.464672,2011
34,42069,Lackawanna,PA,141,214587,0.468410,2011
35,42071,Lancaster,PA,214,523689,0.332287,2011
36,42073,Lawrence,PA,54,90322,0.407102,2011
37,42075,Lebanon,PA,105,134482,0.572315,2011
38,42077,Lehigh,PA,194,353625,0.444730,2011
39,42079,Luzerne,PA,222,321129,0.494808,2011
40,42081,Lycoming,PA,82,116677,0.525601,2011
41,42083,McKean,PA,35,43187,0.597574,2011
42,42085,Mercer,PA,84,116243,0.488435,2011
43,42087,Mifflin,PA,40,46776,0.582629,2011
44,42089,Monroe,PA,95,169868,0.499864,2011
45,42091,Montgomery,PA,422,805500,0.420422,2011
46,42093,Montour,PA,SUPPRESSED,18363,SUPPRESSED,2011
47,42095,Northampton,PA,159,298280,0.409797,2011
48,42097,Northumberland,PA,63,94451,0.470096,2011
49,42099,Perry,PA,30,45841,0.516085,2011
50,42101,Philadelphia,PA,923,1539022,0.594659,2011
51,42103,Pike,PA,35,57529,0.449634,2011
52,42105,Potter,PA,18,17444,0.670840,2011
53,42107,Schuylkill,PA,102,147621,0.473327,2011
54,42109,Snyder,PA,15,39664,0.309223,2011
55,42111,Somerset,PA,32,77377,0.281618,2011
56,42113,Sullivan,PA,SUPPRESSED,6448,SUPPRESSED,2011
57,42115,Susquehanna,PA,37,43120,0.581396,2011
58,42117,Tioga,PA,28,42414,0.472966,2011
59,42119,Union,PA,29,45064,0.537596,2011
60,42121,Venango,PA,42,54713,0.511794,2011
61,42123,Warren,PA,31,41502,0.483076,2011
62,42125,Washington,PA,130,208069,0.434052,2011
63,42127,Wayne,PA,40,52231,0.506363,2011
64,42129,Westmoreland,PA,307,364493,0.556037,2011
65,42131,Wyoming,PA,17,28290,0.471927,2011
66,42133,York,PA,247,436845,0.472764,2011
0,42001,Adams,PA,68,101535,0.503210,2012
1,42003,Allegheny,PA,885,1230842,0.527775,2012
2,42005,Armstrong,PA,53,68367,0.500563,2012
3,42007,Beaver,PA,110,170250,0.421789,2012
4,42009,Bedford,PA,24,49375,0.316047,2012
5,42011,Berks,PA,215,413331,0.420070,2012
6,42013,Blair,PA,63,126991,0.351009,2012
7,42015,Bradford,PA,45,62847,0.498661,2012
8,42017,Bucks,PA,327,625930,0.409294,2012
9,42019,Butler,PA,94,185081,0.389974,2012
10,42021,Cambria,PA,99,141531,0.457466,2012
11,42023,Cameron,PA,SUPPRESSED,4946,SUPPRESSED,2012
12,42025,Carbon,PA,53,64963,0.580240,2012
13,42027,Centre,PA,57,155936,0.375971,2012
14,42029,Chester,PA,207,506278,0.356025,2012
15,42031,Clarion,PA,18,39437,0.335959,2012
16,42033,Clearfield,PA,40,81479,0.339721,2012
17,42035,Clinton,PA,33,39740,0.632468,2012
18,42037,Columbia,PA,35,66888,0.427013,2012
19,42039,Crawford,PA,70,87675,0.578866,2012
20,42041,Cumberland,PA,116,239217,0.372578,2012
21,42043,Dauphin,PA,139,269961,0.435362,2012
22,42045,Delaware,PA,342,560834,0.500802,2012
23,42047,Elk,PA,27,31627,0.538001,2012
24,42049,Erie,PA,178,281541,0.527052,2012
25,42051,Fayette,PA,131,135464,0.671889,2012
26,42053,Forest,PA,10,7655,0.908361,2012
27,42055,Franklin,PA,100,151575,0.492968,2012
28,42057,Fulton,PA,SUPPRESSED,14749,SUPPRESSED,2012
29,42059,Greene,PA,33,38063,0.665571,2012
30,42061,Huntingdon,PA,29,46052,0.470985,2012
31,42063,Indiana,PA,36,88255,0.332860,2012
32,42065,Jefferson,PA,26,44839,0.407481,2012
33,42067,Juniata,PA,13,24900,0.376784,2012
34,42069,Lackawanna,PA,147,214583,0.474443,2012
35,42071,Lancaster,PA,262,526864,0.396688,2012
36,42073,Lawrence,PA,64,89713,0.459797,2012
37,42075,Lebanon,PA,90,135633,0.477068,2012
38,42077,Lehigh,PA,186,355403,0.420222,2012
39,42079,Luzerne,PA,225,321420,0.488838,2012
40,42081,Lycoming,PA,69,117319,0.441097,2012
41,42083,McKean,PA,30,43234,0.502459,2012
42,42085,Mercer,PA,90,115806,0.516322,2012
43,42087,Mifflin,PA,36,46832,0.534366,2012
44,42089,Monroe,PA,109,168567,0.547008,2012
45,42091,Montgomery,PA,393,809540,0.380954,2012
46,42093,Montour,PA,15,18454,0.571409,2012
47,42095,Northampton,PA,170,299293,0.432501,2012
48,42097,Northumberland,PA,78,94512,0.560113,2012
49,42099,Perry,PA,27,45720,0.482643,2012
50,42101,Philadelphia,PA,902,1550379,0.577952,2012
51,42103,Pike,PA,34,56758,0.432550,2012
52,42105,Potter,PA,14,17610,0.514872,2012
53,42107,Schuylkill,PA,121,147302,0.557740,2012
54,42109,Snyder,PA,22,39803,0.432704,2012
55,42111,Somerset,PA,50,77191,0.436446,2012
56,42113,Sullivan,PA,SUPPRESSED,6446,SUPPRESSED,2012
57,42115,Susquehanna,PA,22,42758,0.350249,2012
58,42117,Tioga,PA,30,42606,0.467315,2012
59,42119,Union,PA,17,45143,0.316850,2012
60,42121,Venango,PA,56,54232,0.663849,2012
61,42123,Warren,PA,25,41239,0.383163,2012
62,42125,Washington,PA,173,208480,0.575971,2012
63,42127,Wayne,PA,39,51695,0.497718,2012
64,42129,Westmoreland,PA,263,363179,0.460074,2012
65,42131,Wyoming,PA,25,28345,0.619476,2012
66,42133,York,PA,239,437641,0.442272,2012
0,42001,Adams,PA,46,101407,0.333430,2013
1,42003,Allegheny,PA,794,1233631,0.468891,2013
2,42005,Armstrong,PA,39,68095,0.366322,2013
3,42007,Beaver,PA,135,170045,0.525637,2013
4,42009,Bedford,PA,33,49111,0.441147,2013
5,42011,Berks,PA,218,413687,0.425559,2013
6,42013,Blair,PA,83,126419,0.472837,2013
7,42015,Bradford,PA,54,62350,0.595369,2013
8,42017,Bucks,PA,372,625783,0.453417,2013
9,42019,Butler,PA,132,185360,0.543430,2013
10,42021,Cambria,PA,96,138837,0.442829,2013
11,42023,Cameron,PA,SUPPRESSED,4886,SUPPRESSED,2013
12,42025,Carbon,PA,52,64721,0.542996,2013
13,42027,Centre,PA,53,158331,0.341556,2013
14,42029,Chester,PA,216,509396,0.362182,2013
15,42031,Clarion,PA,24,39066,0.447186,2013
16,42033,Clearfield,PA,50,81601,0.425650,2013
17,42035,Clinton,PA,27,39854,0.547625,2013
18,42037,Columbia,PA,31,67044,0.347736,2013
19,42039,Crawford,PA,56,87435,0.451578,2013
20,42041,Cumberland,PA,108,241265,0.340293,2013
21,42043,Dauphin,PA,148,271259,0.454779,2013
22,42045,Delaware,PA,335,561439,0.479483,2013
23,42047,Elk,PA,20,31431,0.407093,2013
24,42049,Erie,PA,154,280613,0.439111,2013
25,42051,Fayette,PA,119,134867,0.592181,2013
26,42053,Forest,PA,SUPPRESSED,7572,SUPPRESSED,2013
27,42055,Franklin,PA,96,152063,0.455401,2013
28,42057,Fulton,PA,10,14668,0.461728,2013
29,42059,Greene,PA,30,37862,0.594150,2013
30,42061,Huntingdon,PA,22,45949,0.326419,2013
31,42063,Indiana,PA,48,88264,0.410639,2013
32,42065,Jefferson,PA,20,44946,0.282938,2013
33,42067,Juniata,PA,15,24777,0.395363,2013
34,42069,Lackawanna,PA,150,213986,0.498929,2013
35,42071,Lancaster,PA,253,530189,0.374837,2013
36,42073,Lawrence,PA,67,89120,0.477328,2013
37,42075,Lebanon,PA,92,135866,0.483643,2013
38,42077,Lehigh,PA,153,356006,0.335091,2013
39,42079,Luzerne,PA,193,319893,0.426716,2013
40,42081,Lycoming,PA,88,116720,0.563170,2013
41,42083,McKean,PA,22,42844,0.369792,2013
42,42085,Mercer,PA,77,115343,0.442623,2013
43,42087,Mifflin,PA,37,46714,0.522251,2013
44,42089,Monroe,PA,111,167271,0.567512,2013
45,42091,Montgomery,PA,358,813400,0.339762,2013
46,42093,Montour,PA,11,18419,0.401457,2013
47,42095,Northampton,PA,179,299527,0.433910,2013
48,42097,Northumberland,PA,84,94025,0.602814,2013
49,42099,Perry,PA,25,45537,0.410641,2013
50,42101,Philadelphia,PA,883,1555868,0.556111,2013
51,42103,Pike,PA,40,56598,0.477441,2013
52,42105,Potter,PA,22,17478,0.773705,2013
53,42107,Schuylkill,PA,108,146758,0.499561,2013
54,42109,Snyder,PA,19,40091,0.371796,2013
55,42111,Somerset,PA,53,76769,0.444201,2013
56,42113,Sullivan,PA,SUPPRESSED,6325,SUPPRESSED,2013
57,42115,Susquehanna,PA,28,42266,0.443701,2013
58,42117,Tioga,PA,26,42397,0.445982,2013
59,42119,Union,PA,10,44746,0.174372,2013
60,42121,Venango,PA,41,53905,0.499600,2013
61,42123,Warren,PA,33,40947,0.509538,2013
62,42125,Washington,PA,157,208264,0.510062,2013
63,42127,Wayne,PA,45,51639,0.564656,2013
64,42129,Westmoreland,PA,261,361151,0.459601,2013
65,42131,Wyoming,PA,20,28125,0.500801,2013
66,42133,York,PA,242,439117,0.451317,2013
0,42001,Adams,PA,62,101612,0.435476,2014
1,42003,Allegheny,PA,783,1232666,0.455944,2014
2,42005,Armstrong,PA,46,67660,0.426846,2014
3,42007,Beaver,PA,148,169392,0.574579,2014
4,42009,Bedford,PA,31,48925,0.399540,2014
5,42011,Berks,PA,218,414021,0.418464,2014
6,42013,Blair,PA,70,126019,0.374827,2014
7,42015,Bradford,PA,48,61744,0.514153,2014
8,42017,Bucks,PA,313,626169,0.374359,2014
9,42019,Butler,PA,99,186141,0.397967,2014
10,42021,Cambria,PA,79,137517,0.365145,2014
11,42023,Cameron,PA,SUPPRESSED,4785,SUPPRESSED,2014
12,42025,Carbon,PA,46,64435,0.446076,2014
13,42027,Centre,PA,45,159666,0.278709,2014
14,42029,Chester,PA,206,512899,0.342636,2014
15,42031,Clarion,PA,30,38847,0.540806,2014
16,42033,Clearfield,PA,60,81205,0.507203,2014
17,42035,Clinton,PA,31,39494,0.605398,2014
18,42037,Columbia,PA,28,66922,0.323390,2014
19,42039,Crawford,PA,60,87128,0.474647,2014
20,42041,Cumberland,PA,114,243689,0.341973,2014
21,42043,Dauphin,PA,135,271977,0.388363,2014
22,42045,Delaware,PA,324,562582,0.458123,2014
23,42047,Elk,PA,21,31139,0.425670,2014
24,42049,Erie,PA,184,279251,0.518205,2014
25,42051,Fayette,PA,91,134376,0.460928,2014
26,42053,Forest,PA,SUPPRESSED,7499,SUPPRESSED,2014
27,42055,Franklin,PA,94,152751,0.440916,2014
28,42057,Fulton,PA,SUPPRESSED,14604,SUPPRESSED,2014
29,42059,Greene,PA,22,37783,0.472343,2014
30,42061,Huntingdon,PA,26,45866,0.434576,2014
31,42063,Indiana,PA,67,87597,0.563489,2014
32,42065,Jefferson,PA,30,44605,0.439336,2014
33,42067,Juniata,PA,17,24781,0.451906,2014
34,42069,Lackawanna,PA,146,212963,0.480575,2014
35,42071,Lancaster,PA,224,533650,0.324276,2014
36,42073,Lawrence,PA,67,88476,0.483312,2014
37,42075,Lebanon,PA,94,136657,0.486720,2014
38,42077,Lehigh,PA,207,358552,0.455606,2014
39,42079,Luzerne,PA,219,319079,0.473733,2014
40,42081,Lycoming,PA,83,116450,0.526630,2014
41,42083,McKean,PA,36,42670,0.591862,2014
42,42085,Mercer,PA,78,114936,0.437561,2014
43,42087,Mifflin,PA,28,46555,0.383498,2014
44,42089,Monroe,PA,104,167197,0.510106,2014
45,42091,Montgomery,PA,394,816350,0.364667,2014
46,42093,Montour,PA,13,18444,0.496723,2014
47,42095,Northampton,PA,170,300296,0.412283,2014
48,42097,Northumberland,PA,63,93729,0.440261,2014
49,42099,Perry,PA,37,45479,0.579120,2014
50,42101,Philadelphia,PA,854,1560609,0.538783,2014
51,42103,Pike,PA,36,56205,0.405138,2014
52,42105,Potter,PA,14,17182,0.485904,2014
53,42107,Schuylkill,PA,124,145559,0.563508,2014
54,42109,Snyder,PA,13,40271,0.249312,2014
55,42111,Somerset,PA,38,76334,0.292681,2014
56,42113,Sullivan,PA,SUPPRESSED,6311,SUPPRESSED,2014
57,42115,Susquehanna,PA,23,41828,0.375110,2014
58,42117,Tioga,PA,32,42051,0.532136,2014
59,42119,Union,PA,22,44944,0.372230,2014
60,42121,Venango,PA,36,53479,0.422215,2014
61,42123,Warren,PA,32,40690,0.460770,2014
62,42125,Washington,PA,151,208354,0.498428,2014
63,42127,Wayne,PA,34,51402,0.420507,2014
64,42129,Westmoreland,PA,254,359398,0.437256,2014
65,42131,Wyoming,PA,16,28128,0.388708,2014
66,42133,York,PA,232,440590,0.419114,2014
0,42001,Adams,PA,66,102063,0.448566,2015
1,42003,Allegheny,PA,777,1229298,0.448256,2015
2,42005,Armstrong,PA,29,66953,0.257517,2015
3,42007,Beaver,PA,121,168908,0.458828,2015
4,42009,Bedford,PA,40,48522,0.512647,2015
5,42011,Berks,PA,225,414635,0.420799,2015
6,42013,Blair,PA,104,125506,0.541735,2015
7,42015,Bradford,PA,42,61329,0.471630,2015
8,42017,Bucks,PA,348,626821,0.406898,2015
9,42019,Butler,PA,109,186441,0.414145,2015
10,42021,Cambria,PA,87,136194,0.402039,2015
11,42023,Cameron,PA,SUPPRESSED,4742,SUPPRESSED,2015
12,42025,Carbon,PA,54,63936,0.560676,2015
13,42027,Centre,PA,61,160491,0.390019,2015
14,42029,Chester,PA,227,515253,0.365025,2015
15,42031,Clarion,PA,12,38831,0.200365,2015
16,42033,Clearfield,PA,47,80967,0.386316,2015
17,42035,Clinton,PA,20,39359,0.357513,2015
18,42037,Columbia,PA,37,66586,0.401541,2015
19,42039,Crawford,PA,67,86638,0.526266,2015
20,42041,Cumberland,PA,141,246513,0.429538,2015
21,42043,Dauphin,PA,137,272904,0.397744,2015
22,42045,Delaware,PA,303,563321,0.426549,2015
23,42047,Elk,PA,15,30879,0.291643,2015
24,42049,Erie,PA,164,278052,0.453981,2015
25,42051,Fayette,PA,94,133704,0.467572,2015
26,42053,Forest,PA,SUPPRESSED,7420,SUPPRESSED,2015
27,42055,Franklin,PA,104,153295,0.483196,2015
28,42057,Fulton,PA,SUPPRESSED,14605,SUPPRESSED,2015
29,42059,Greene,PA,22,37438,0.427644,2015
30,42061,Huntingdon,PA,22,45721,0.329017,2015
31,42063,Indiana,PA,31,86977,0.246643,2015
32,42065,Jefferson,PA,38,44410,0.576657,2015
33,42067,Juniata,PA,17,24732,0.437955,2015
34,42069,Lackawanna,PA,129,212175,0.403986,2015
35,42071,Lancaster,PA,240,536349,0.340698,2015
36,42073,Lawrence,PA,69,88036,0.482307,2015
37,42075,Lebanon,PA,72,137729,0.377299,2015
38,42077,Lehigh,PA,190,360852,0.409711,2015
39,42079,Luzerne,PA,215,317812,0.453964,2015
40,42081,Lycoming,PA,69,115829,0.423068,2015
41,42083,McKean,PA,40,42416,0.663369,2015
42,42085,Mercer,PA,59,113992,0.326897,2015
43,42087,Mifflin,PA,43,46481,0.631709,2015
44,42089,Monroe,PA,110,166499,0.537689,2015
45,42091,Montgomery,PA,382,818363,0.348341,2015
46,42093,Montour,PA,10,18358,0.364231,2015
47,42095,Northampton,PA,176,301190,0.411344,2015
48,42097,Northumberland,PA,69,93144,0.480308,2015
49,42099,Perry,PA,26,45679,0.424119,2015
50,42101,Philadelphia,PA,829,1564964,0.512884,2015
51,42103,Pike,PA,40,55927,0.438325,2015
52,42105,Potter,PA,13,17041,0.436708,2015
53,42107,Schuylkill,PA,117,144321,0.557999,2015
54,42109,Snyder,PA,13,40599,0.241553,2015
55,42111,Somerset,PA,47,75649,0.365067,2015
56,42113,Sullivan,PA,SUPPRESSED,6292,SUPPRESSED,2015
57,42115,Susquehanna,PA,31,41448,0.452704,2015
58,42117,Tioga,PA,38,41633,0.595209,2015
59,42119,Union,PA,19,45494,0.332588,2015
60,42121,Venango,PA,39,53101,0.478258,2015
61,42123,Warren,PA,28,40344,0.433237,2015
62,42125,Washington,PA,160,208268,0.512086,2015
63,42127,Wayne,PA,47,51091,0.578598,2015
64,42129,Westmoreland,PA,230,357699,0.399656,2015
65,42131,Wyoming,PA,25,27756,0.636641,2015
66,42133,York,PA,244,441929,0.420530,2015
0,42001,Adams,PA,50,102180,0.329277,2016
1,42003,Allegheny,PA,705,1225365,0.402545,2016
2,42005,Armstrong,PA,41,66486,0.381749,2016
3,42007,Beaver,PA,115,167429,0.435585,2016
4,42009,Bedford,PA,31,48325,0.384693,2016
5,42011,Berks,PA,239,414812,0.454271,2016
6,42013,Blair,PA,81,124650,0.438300,2016
7,42015,Bradford,PA,33,60770,0.353390,2016
8,42017,Bucks,PA,315,626399,0.361745,2016
9,42019,Butler,PA,107,186847,0.399324,2016
10,42021,Cambria,PA,84,134732,0.380557,2016
11,42023,Cameron,PA,SUPPRESSED,4677,SUPPRESSED,2016
12,42025,Carbon,PA,45,63594,0.473624,2016
13,42027,Centre,PA,39,161464,0.226373,2016
14,42029,Chester,PA,210,516312,0.333768,2016
15,42031,Clarion,PA,34,38513,0.601275,2016
16,42033,Clearfield,PA,62,80596,0.493784,2016
17,42035,Clinton,PA,28,39233,0.529262,2016
18,42037,Columbia,PA,35,66420,0.368700,2016
19,42039,Crawford,PA,50,86257,0.384178,2016
20,42041,Cumberland,PA,125,248506,0.356663,2016
21,42043,Dauphin,PA,144,273707,0.411066,2016
22,42045,Delaware,PA,311,563402,0.442816,2016
23,42047,Elk,PA,22,30480,0.422415,2016
24,42049,Erie,PA,167,276207,0.456077,2016
25,42051,Fayette,PA,117,132733,0.567876,2016
26,42053,Forest,PA,SUPPRESSED,7321,SUPPRESSED,2016
27,42055,Franklin,PA,87,153851,0.395384,2016
28,42057,Fulton,PA,13,14640,0.573107,2016
29,42059,Greene,PA,25,37197,0.456652,2016
30,42061,Huntingdon,PA,35,45634,0.508131,2016
31,42063,Indiana,PA,46,86364,0.362226,2016
32,42065,Jefferson,PA,28,44073,0.414956,2016
33,42067,Juniata,PA,15,24863,0.388826,2016
34,42069,Lackawanna,PA,150,211321,0.480673,2016
35,42071,Lancaster,PA,250,538500,0.347611,2016
36,42073,Lawrence,PA,70,87294,0.503783,2016
37,42075,Lebanon,PA,100,138863,0.481769,2016
38,42077,Lehigh,PA,151,363147,0.319593,2016
39,42079,Luzerne,PA,188,316383,0.399737,2016
40,42081,Lycoming,PA,76,115248,0.476464,2016
41,42083,McKean,PA,19,41883,0.296274,2016
42,42085,Mercer,PA,54,112913,0.305859,2016
43,42087,Mifflin,PA,35,46342,0.468508,2016
44,42089,Monroe,PA,96,166098,0.452882,2016
45,42091,Montgomery,PA,397,821725,0.354087,2016
46,42093,Montour,PA,15,18343,0.487427,2016
47,42095,Northampton,PA,157,302294,0.362859,2016
48,42097,Northumberland,PA,72,92541,0.510370,2016
49,42099,Perry,PA,34,45820,0.579157,2016
50,42101,Philadelphia,PA,830,1567872,0.510481,2016
51,42103,Pike,PA,46,55562,0.505061,2016
52,42105,Potter,PA,14,16885,0.474279,2016
53,42107,Schuylkill,PA,99,143573,0.445824,2016
54,42109,Snyder,PA,14,40468,0.250335,2016
55,42111,Somerset,PA,41,75061,0.326858,2016
56,42113,Sullivan,PA,SUPPRESSED,6137,SUPPRESSED,2016
57,42115,Susquehanna,PA,23,40862,0.341605,2016
58,42117,Tioga,PA,26,41467,0.405061,2016
59,42119,Union,PA,13,45565,0.210605,2016
60,42121,Venango,PA,44,52582,0.513797,2016
61,42123,Warren,PA,31,40025,0.492445,2016
62,42125,Washington,PA,151,207981,0.473084,2016
63,42127,Wayne,PA,26,50710,0.306249,2016
64,42129,Westmoreland,PA,215,355458,0.371920,2016
65,42131,Wyoming,PA,27,27521,0.623873,2016
66,42133,York,PA,253,443744,0.429590,2016
0,42001,Adams,PA,59,102336,0.389974,2017
1,42003,Allegheny,PA,735,1223048,0.414471,2017
2,42005,Armstrong,PA,40,65642,0.379780,2017
3,42007,Beaver,PA,106,166140,0.396853,2017
4,42009,Bedford,PA,33,48480,0.392199,2017
5,42011,Berks,PA,205,417854,0.371296,2017
6,42013,Blair,PA,64,123457,0.345815,2017
7,42015,Bradford,PA,32,60853,0.334644,2017
8,42017,Bucks,PA,305,628341,0.330118,2017
9,42019,Butler,PA,101,187108,0.370689,2017
10,42021,Cambria,PA,83,133054,0.388487,2017
11,42023,Cameron,PA,SUPPRESSED,4592,SUPPRESSED,2017
12,42025,Carbon,PA,43,63853,0.412186,2017
13,42027,Centre,PA,40,162660,0.236795,2017
14,42029,Chester,PA,191,519293,0.288441,2017
15,42031,Clarion,PA,27,38458,0.495949,2017
16,42033,Clearfield,PA,54,79685,0.435457,2017
17,42035,Clinton,PA,10,38998,0.174422,2017
18,42037,Columbia,PA,44,65932,0.441854,2017
19,42039,Crawford,PA,59,86159,0.465844,2017
20,42041,Cumberland,PA,109,250066,0.312816,2017
21,42043,Dauphin,PA,141,275710,0.392606,2017
22,42045,Delaware,PA,281,564696,0.383909,2017
23,42047,Elk,PA,17,30197,0.321970,2017
24,42049,Erie,PA,191,274541,0.522243,2017
25,42051,Fayette,PA,100,131504,0.501520,2017
26,42053,Forest,PA,SUPPRESSED,7297,SUPPRESSED,2017
27,42055,Franklin,PA,102,154234,0.447777,2017
28,42057,Fulton,PA,11,14590,0.452325,2017
29,42059,Greene,PA,24,36770,0.429896,2017
30,42061,Huntingdon,PA,27,45491,0.378773,2017
31,42063,Indiana,PA,44,84953,0.346300,2017
32,42065,Jefferson,PA,22,43804,0.301846,2017
33,42067,Juniata,PA,12,24514,0.309016,2017
34,42069,Lackawanna,PA,146,210761,0.484380,2017
35,42071,Lancaster,PA,236,542903,0.319708,2017
36,42073,Lawrence,PA,64,87069,0.428744,2017
37,42075,Lebanon,PA,90,139754,0.444163,2017
38,42077,Lehigh,PA,163,366494,0.353364,2017
39,42079,Luzerne,PA,224,317343,0.467236,2017
40,42081,Lycoming,PA,70,113841,0.431320,2017
41,42083,McKean,PA,31,41330,0.490550,2017
42,42085,Mercer,PA,78,111750,0.439110,2017
43,42087,Mifflin,PA,33,46388,0.446012,2017
44,42089,Monroe,PA,85,168046,0.396976,2017
45,42091,Montgomery,PA,357,826075,0.316289,2017
46,42093,Montour,PA,12,18272,0.432871,2017
47,42095,Northampton,PA,151,303405,0.344151,2017
48,42097,Northumberland,PA,73,92029,0.498882,2017
49,42099,Perry,PA,36,46127,0.541707,2017
50,42101,Philadelphia,PA,731,1580863,0.429901,2017
51,42103,Pike,PA,27,55691,0.326596,2017
52,42105,Potter,PA,10,16802,0.328705,2017
53,42107,Schuylkill,PA,104,142569,0.486715,2017
54,42109,Snyder,PA,11,40801,0.185072,2017
55,42111,Somerset,PA,36,74501,0.293056,2017
56,42113,Sullivan,PA,SUPPRESSED,6089,SUPPRESSED,2017
57,42115,Susquehanna,PA,15,40985,0.216394,2017
58,42117,Tioga,PA,27,40793,0.394082,2017
59,42119,Union,PA,17,44595,0.292049,2017
60,42121,Venango,PA,38,51762,0.428662,2017
61,42123,Warren,PA,38,39659,0.576770,2017
62,42125,Washington,PA,151,207298,0.470274,2017
63,42127,Wayne,PA,43,51205,0.477046,2017
64,42129,Westmoreland,PA,245,352627,0.405145,2017
65,42131,Wyoming,PA,SUPPRESSED,27322,SUPPRESSED,2017
66,42133,York,PA,234,446078,0.385874,2017
